Timestamp,Q1: What's the purpose of this system? [Helpfulness & Understandability],Q1: What's the purpose of this system? [Length Appropriateness],Q1: What's the purpose of this system? [Structure],Q2: How many gripper types does the robot have for the screw placement task? How does each of them influence the task? [Helpfulness & Understandability],Q2: How many gripper types does the robot have for the screw placement task? How does each of them influence the task? [Length Appropriateness],Q2: How many gripper types does the robot have for the screw placement task? How does each of them influence the task? [Structure],"Q3: If I want to predict the success of placing a screw with a specified head, width, and length, what does it mean when the prediction returns a low success rate for the ScrewPlacement task? [Helpfulness & Understandability]","Q3: If I want to predict the success of placing a screw with a specified head, width, and length, what does it mean when the prediction returns a low success rate for the ScrewPlacement task? [Length Appropriateness]","Q3: If I want to predict the success of placing a screw with a specified head, width, and length, what does it mean when the prediction returns a low success rate for the ScrewPlacement task? [Structure]",Q4: I want to use the model robotarm_model_xgb_001 for predictions. What's the accuracy of this model? [Helpfulness & Understandability],Q4: I want to use the model robotarm_model_xgb_001 for predictions. What's the accuracy of this model? [Length Appropriateness],Q4: I want to use the model robotarm_model_xgb_001 for predictions. What's the accuracy of this model? [Structure],Q5: Does the robot and the model robotarm_model_xgb_001 learn while it works? [Helpfulness & Understandability],Q5: Does the robot and the model robotarm_model_xgb_001 learn while it works? [Length Appropriateness],Q5: Does the robot and the model robotarm_model_xgb_001 learn while it works? [Structure],Q6: What does the parameter Precision/Recall mean? [Helpfulness & Understandability],Q6: What does the parameter Precision/Recall mean? [Length Appropriateness],Q6: What does the parameter Precision/Recall mean? [Structure],Q7: How does the model robotarm_model_xgb_001 make its decision for a given input? [Helpfulness & Understandability],Q7: How does the model robotarm_model_xgb_001 make its decision for a given input? [Length Appropriateness],Q7: How does the model robotarm_model_xgb_001 make its decision for a given input? [Structure],Q8: How can I interpret the SHAP values? What does a low/high value mean? [Helpfulness & Understandability],Q8: How can I interpret the SHAP values? What does a low/high value mean? [Length Appropriateness],Q8: How can I interpret the SHAP values? What does a low/high value mean? [Structure],Q1: Which data augmentation methods were applied during training of the screw placement model? [Helpfulness & Understandability],Q1: Which data augmentation methods were applied during training of the screw placement model? [Length Appropriateness],Q1: Which data augmentation methods were applied during training of the screw placement model? [Structure],Q2: Which datasets were used for the training of the model robotarm_model_xgb_001? Give me information and details about the datasets. [Helpfulness & Understandability],Q2: Which datasets were used for the training of the model robotarm_model_xgb_001? Give me information and details about the datasets. [Length Appropriateness],Q2: Which datasets were used for the training of the model robotarm_model_xgb_001? Give me information and details about the datasets. [Structure],Q3: What features are used by the robotarm_model_xgb_001 model during ScrewPlacement? [Helpfulness & Understandability],Q3: What features are used by the robotarm_model_xgb_001 model during ScrewPlacement? [Length Appropriateness],Q3: What features are used by the robotarm_model_xgb_001 model during ScrewPlacement? [Layout & Structure],Q4: Is the robotarm_model_xgb_001 model evaluated across different screw types or materials? [Helpfulness & Understandability],Q4: Is the robotarm_model_xgb_001 model evaluated across different screw types or materials? [Length Appropriateness],Q4: Is the robotarm_model_xgb_001 model evaluated across different screw types or materials? [Structure],"Q5: To enhance the result of the model training, how could I improve the current quality of the dataset used to train the robotarm_model_xgb_001 model? Give me improvements that will enhance the training results as a list of 3 points. [Helpfulness & Understandability]","Q5: To enhance the result of the model training, how could I improve the current quality of the dataset used to train the robotarm_model_xgb_001 model? Give me improvements that will enhance the training results as a list of 3 points. [Length Appropriateness]","Q5: To enhance the result of the model training, how could I improve the current quality of the dataset used to train the robotarm_model_xgb_001 model? Give me improvements that will enhance the training results as a list of 3 points. [Structure]",Q6: Which hyperparameters were used for the robotarm_model_xgb_001 model? [Helpfulness & Understandability],Q6: Which hyperparameters were used for the robotarm_model_xgb_001 model? [Length Appropriateness],Q6: Which hyperparameters were used for the robotarm_model_xgb_001 model? [Structure],Q7: How can I trace specific predictions of the model robotarm_model_xgb_001 back to it's training data and specific features? [Helpfulness & Understandability],Q7: How can I trace specific predictions of the model robotarm_model_xgb_001 back to it's training data and specific features? [Length Appropriateness],Q7: How can I trace specific predictions of the model robotarm_model_xgb_001 back to it's training data and specific features? [Structure],"Q8: For the same task, like the robotarm_model_xgb_001 model, which algorithms were used to train models, and how does that algorithm affect the model‚Äôs prediction behavior? [Helpfulness & Understandability]","Q8: For the same task, like the robotarm_model_xgb_001 model, which algorithms were used to train models, and how does that algorithm affect the model‚Äôs prediction behavior? [Length Appropriateness]","Q8: For the same task, like the robotarm_model_xgb_001 model, which algorithms were used to train models, and how does that algorithm affect the model‚Äôs prediction behavior? [Structure]",ü•≥ Finished! ü•≥
06/08/2025 11:51:21,4 ‚≠ê,5 ‚≠ê (high),5 ‚≠ê (high),5 ‚≠ê (high),5 ‚≠ê (high),5 ‚≠ê (high),2 ‚≠ê,3 ‚≠ê,4 ‚≠ê,2 ‚≠ê,2 ‚≠ê,3 ‚≠ê,4 ‚≠ê,4 ‚≠ê,5 ‚≠ê (high),3 ‚≠ê,2 ‚≠ê,5 ‚≠ê (high),4 ‚≠ê,3 ‚≠ê,5 ‚≠ê (high),4 ‚≠ê,3 ‚≠ê,5 ‚≠ê (high),4 ‚≠ê,3 ‚≠ê,5 ‚≠ê (high),5 ‚≠ê (high),4 ‚≠ê,5 ‚≠ê (high),5 ‚≠ê (high),5 ‚≠ê (high),5 ‚≠ê (high),5 ‚≠ê (high),3 ‚≠ê,5 ‚≠ê (high),,,,5 ‚≠ê (high),5 ‚≠ê (high),5 ‚≠ê (high),5 ‚≠ê (high),3 ‚≠ê,5 ‚≠ê (high),5 ‚≠ê (high),3 ‚≠ê,5 ‚≠ê (high),
06/08/2025 14:22:52,4 ‚≠ê,5 ‚≠ê (high),5 ‚≠ê (high),4 ‚≠ê,4 ‚≠ê,4 ‚≠ê,2 ‚≠ê,3 ‚≠ê,5 ‚≠ê (high),1 ‚≠ê (low),4 ‚≠ê,4 ‚≠ê,5 ‚≠ê (high),5 ‚≠ê (high),5 ‚≠ê (high),5 ‚≠ê (high),4 ‚≠ê,4 ‚≠ê,4 ‚≠ê,3 ‚≠ê,4 ‚≠ê,5 ‚≠ê (high),3 ‚≠ê,4 ‚≠ê,3 ‚≠ê,4 ‚≠ê,4 ‚≠ê,4 ‚≠ê,3 ‚≠ê,4 ‚≠ê,5 ‚≠ê (high),5 ‚≠ê (high),5 ‚≠ê (high),3 ‚≠ê,4 ‚≠ê,4 ‚≠ê,,,,4 ‚≠ê,4 ‚≠ê,5 ‚≠ê (high),2 ‚≠ê,3 ‚≠ê,4 ‚≠ê,3 ‚≠ê,4 ‚≠ê,4 ‚≠ê,
12/08/2025 17:49:34,3 ‚≠ê,4 ‚≠ê,2 ‚≠ê,3 ‚≠ê,2 ‚≠ê,3 ‚≠ê,2 ‚≠ê,1 ‚≠ê (low),2 ‚≠ê,1 ‚≠ê (low),1 ‚≠ê (low),1 ‚≠ê (low),3 ‚≠ê,1 ‚≠ê (low),2 ‚≠ê,3 ‚≠ê,1 ‚≠ê (low),2 ‚≠ê,2 ‚≠ê,1 ‚≠ê (low),2 ‚≠ê,2 ‚≠ê,1 ‚≠ê (low),2 ‚≠ê,2 ‚≠ê,1 ‚≠ê (low),1 ‚≠ê (low),2 ‚≠ê,2 ‚≠ê,2 ‚≠ê,2 ‚≠ê,3 ‚≠ê,2 ‚≠ê,2 ‚≠ê,3 ‚≠ê,2 ‚≠ê,2 ‚≠ê,4 ‚≠ê,3 ‚≠ê,3 ‚≠ê,2 ‚≠ê,2 ‚≠ê,3 ‚≠ê,1 ‚≠ê (low),3 ‚≠ê,3 ‚≠ê,1 ‚≠ê (low),3 ‚≠ê,
12/08/2025 18:01:24,4 ‚≠ê,5 ‚≠ê (high),5 ‚≠ê (high),5 ‚≠ê (high),5 ‚≠ê (high),5 ‚≠ê (high),5 ‚≠ê (high),4 ‚≠ê,5 ‚≠ê (high),5 ‚≠ê (high),5 ‚≠ê (high),5 ‚≠ê (high),5 ‚≠ê (high),5 ‚≠ê (high),5 ‚≠ê (high),3 ‚≠ê,3 ‚≠ê,4 ‚≠ê,4 ‚≠ê,3 ‚≠ê,5 ‚≠ê (high),5 ‚≠ê (high),5 ‚≠ê (high),5 ‚≠ê (high),5 ‚≠ê (high),4 ‚≠ê,5 ‚≠ê (high),5 ‚≠ê (high),5 ‚≠ê (high),5 ‚≠ê (high),5 ‚≠ê (high),5 ‚≠ê (high),5 ‚≠ê (high),4 ‚≠ê,5 ‚≠ê (high),5 ‚≠ê (high),5 ‚≠ê (high),5 ‚≠ê (high),5 ‚≠ê (high),5 ‚≠ê (high),5 ‚≠ê (high),5 ‚≠ê (high),5 ‚≠ê (high),5 ‚≠ê (high),5 ‚≠ê (high),5 ‚≠ê (high),5 ‚≠ê (high),5 ‚≠ê (high),
12/08/2025 21:08:28,4 ‚≠ê,5 ‚≠ê (high),5 ‚≠ê (high),5 ‚≠ê (high),5 ‚≠ê (high),5 ‚≠ê (high),5 ‚≠ê (high),4 ‚≠ê,5 ‚≠ê (high),3 ‚≠ê,3 ‚≠ê,5 ‚≠ê (high),5 ‚≠ê (high),4 ‚≠ê,5 ‚≠ê (high),2 ‚≠ê,4 ‚≠ê,5 ‚≠ê (high),4 ‚≠ê,3 ‚≠ê,5 ‚≠ê (high),4 ‚≠ê,4 ‚≠ê,3 ‚≠ê,5 ‚≠ê (high),5 ‚≠ê (high),5 ‚≠ê (high),4 ‚≠ê,5 ‚≠ê (high),4 ‚≠ê,5 ‚≠ê (high),5 ‚≠ê (high),5 ‚≠ê (high),5 ‚≠ê (high),5 ‚≠ê (high),5 ‚≠ê (high),5 ‚≠ê (high),5 ‚≠ê (high),5 ‚≠ê (high),5 ‚≠ê (high),5 ‚≠ê (high),5 ‚≠ê (high),5 ‚≠ê (high),5 ‚≠ê (high),5 ‚≠ê (high),5 ‚≠ê (high),5 ‚≠ê (high),5 ‚≠ê (high),"Overall, the Quality was good. Sometimes (especially for none technical users) it would have been better if it also explained the technical terms (like gradient boosting), as this might confuse people who are not familiar with those terms."
13/08/2025 11:27:19,5 ‚≠ê (high),4 ‚≠ê,3 ‚≠ê,5 ‚≠ê (high),5 ‚≠ê (high),5 ‚≠ê (high),3 ‚≠ê,3 ‚≠ê,4 ‚≠ê,2 ‚≠ê,2 ‚≠ê,5 ‚≠ê (high),4 ‚≠ê,5 ‚≠ê (high),3 ‚≠ê,4 ‚≠ê,4 ‚≠ê,4 ‚≠ê,5 ‚≠ê (high),4 ‚≠ê,5 ‚≠ê (high),5 ‚≠ê (high),4 ‚≠ê,4 ‚≠ê,4 ‚≠ê,4 ‚≠ê,4 ‚≠ê,4 ‚≠ê,4 ‚≠ê,5 ‚≠ê (high),5 ‚≠ê (high),4 ‚≠ê,5 ‚≠ê (high),5 ‚≠ê (high),5 ‚≠ê (high),5 ‚≠ê (high),4 ‚≠ê,4 ‚≠ê,4 ‚≠ê,4 ‚≠ê,4 ‚≠ê,4 ‚≠ê,4 ‚≠ê,4 ‚≠ê,4 ‚≠ê,4 ‚≠ê,4 ‚≠ê,4 ‚≠ê,
21/08/2025 15:34:41,4 ‚≠ê,3 ‚≠ê,5 ‚≠ê (high),5 ‚≠ê (high),4 ‚≠ê,5 ‚≠ê (high),5 ‚≠ê (high),4 ‚≠ê,5 ‚≠ê (high),5 ‚≠ê (high),5 ‚≠ê (high),5 ‚≠ê (high),5 ‚≠ê (high),2 ‚≠ê,5 ‚≠ê (high),5 ‚≠ê (high),2 ‚≠ê,5 ‚≠ê (high),3 ‚≠ê,5 ‚≠ê (high),4 ‚≠ê,5 ‚≠ê (high),3 ‚≠ê,5 ‚≠ê (high),5 ‚≠ê (high),5 ‚≠ê (high),5 ‚≠ê (high),5 ‚≠ê (high),5 ‚≠ê (high),5 ‚≠ê (high),5 ‚≠ê (high),4 ‚≠ê,4 ‚≠ê,5 ‚≠ê (high),5 ‚≠ê (high),4 ‚≠ê,5 ‚≠ê (high),5 ‚≠ê (high),4 ‚≠ê,4 ‚≠ê,4 ‚≠ê,5 ‚≠ê (high),5 ‚≠ê (high),4 ‚≠ê,4 ‚≠ê,5 ‚≠ê (high),5 ‚≠ê (high),5 ‚≠ê (high),
11/09/2025 10:06:19,5 ‚≠ê (high),5 ‚≠ê (high),4 ‚≠ê,4 ‚≠ê,5 ‚≠ê (high),5 ‚≠ê (high),4 ‚≠ê,5 ‚≠ê (high),4 ‚≠ê,5 ‚≠ê (high),5 ‚≠ê (high),5 ‚≠ê (high),4 ‚≠ê,4 ‚≠ê,4 ‚≠ê,5 ‚≠ê (high),4 ‚≠ê,4 ‚≠ê,3 ‚≠ê,3 ‚≠ê,3 ‚≠ê,4 ‚≠ê,2 ‚≠ê,3 ‚≠ê,5 ‚≠ê (high),5 ‚≠ê (high),4 ‚≠ê,5 ‚≠ê (high),5 ‚≠ê (high),5 ‚≠ê (high),5 ‚≠ê (high),5 ‚≠ê (high),5 ‚≠ê (high),4 ‚≠ê,3 ‚≠ê,3 ‚≠ê,4 ‚≠ê,5 ‚≠ê (high),5 ‚≠ê (high),5 ‚≠ê (high),5 ‚≠ê (high),4 ‚≠ê,4 ‚≠ê,2 ‚≠ê,3 ‚≠ê,4 ‚≠ê,2 ‚≠ê,4 ‚≠ê,
24/09/2025 08:45:26,3 ‚≠ê,4 ‚≠ê,4 ‚≠ê,4 ‚≠ê,4 ‚≠ê,4 ‚≠ê,4 ‚≠ê,4 ‚≠ê,5 ‚≠ê (high),4 ‚≠ê,4 ‚≠ê,4 ‚≠ê,4 ‚≠ê,3 ‚≠ê,4 ‚≠ê,4 ‚≠ê,4 ‚≠ê,3 ‚≠ê,5 ‚≠ê (high),3 ‚≠ê,4 ‚≠ê,3 ‚≠ê,2 ‚≠ê,3 ‚≠ê,4 ‚≠ê,4 ‚≠ê,4 ‚≠ê,3 ‚≠ê,3 ‚≠ê,3 ‚≠ê,4 ‚≠ê,4 ‚≠ê,4 ‚≠ê,4 ‚≠ê,4 ‚≠ê,4 ‚≠ê,5 ‚≠ê (high),4 ‚≠ê,5 ‚≠ê (high),5 ‚≠ê (high),5 ‚≠ê (high),4 ‚≠ê,3 ‚≠ê,3 ‚≠ê,4 ‚≠ê,4 ‚≠ê,4 ‚≠ê,5 ‚≠ê (high),
24/09/2025 08:55:49,5 ‚≠ê (high),4 ‚≠ê,4 ‚≠ê,5 ‚≠ê (high),4 ‚≠ê,5 ‚≠ê (high),4 ‚≠ê,3 ‚≠ê,4 ‚≠ê,5 ‚≠ê (high),4 ‚≠ê,3 ‚≠ê,4 ‚≠ê,4 ‚≠ê,4 ‚≠ê,3 ‚≠ê,3 ‚≠ê,3 ‚≠ê,3 ‚≠ê,4 ‚≠ê,3 ‚≠ê,4 ‚≠ê,3 ‚≠ê,3 ‚≠ê,3 ‚≠ê,3 ‚≠ê,3 ‚≠ê,4 ‚≠ê,4 ‚≠ê,4 ‚≠ê,4 ‚≠ê,5 ‚≠ê (high),4 ‚≠ê,3 ‚≠ê,3 ‚≠ê,3 ‚≠ê,4 ‚≠ê,3 ‚≠ê,4 ‚≠ê,4 ‚≠ê,3 ‚≠ê,3 ‚≠ê,4 ‚≠ê,2 ‚≠ê,3 ‚≠ê,3 ‚≠ê,2 ‚≠ê,2 ‚≠ê,
25/09/2025 20:52:43,5 ‚≠ê (high),4 ‚≠ê,4 ‚≠ê,5 ‚≠ê (high),5 ‚≠ê (high),5 ‚≠ê (high),5 ‚≠ê (high),4 ‚≠ê,5 ‚≠ê (high),5 ‚≠ê (high),5 ‚≠ê (high),5 ‚≠ê (high),3 ‚≠ê,2 ‚≠ê,4 ‚≠ê,4 ‚≠ê,2 ‚≠ê,4 ‚≠ê,3 ‚≠ê,3 ‚≠ê,4 ‚≠ê,4 ‚≠ê,3 ‚≠ê,4 ‚≠ê,5 ‚≠ê (high),4 ‚≠ê,4 ‚≠ê,5 ‚≠ê (high),2 ‚≠ê,4 ‚≠ê,5 ‚≠ê (high),5 ‚≠ê (high),4 ‚≠ê,5 ‚≠ê (high),4 ‚≠ê,5 ‚≠ê (high),5 ‚≠ê (high),5 ‚≠ê (high),5 ‚≠ê (high),4 ‚≠ê,3 ‚≠ê,3 ‚≠ê,5 ‚≠ê (high),5 ‚≠ê (high),5 ‚≠ê (high),5 ‚≠ê (high),4 ‚≠ê,5 ‚≠ê (high),
25/09/2025 22:59:37,4 ‚≠ê,3 ‚≠ê,4 ‚≠ê,5 ‚≠ê (high),4 ‚≠ê,5 ‚≠ê (high),4 ‚≠ê,2 ‚≠ê,3 ‚≠ê,5 ‚≠ê (high),4 ‚≠ê,5 ‚≠ê (high),5 ‚≠ê (high),1 ‚≠ê (low),3 ‚≠ê,5 ‚≠ê (high),2 ‚≠ê,4 ‚≠ê,3 ‚≠ê,1 ‚≠ê (low),4 ‚≠ê,5 ‚≠ê (high),2 ‚≠ê,4 ‚≠ê,5 ‚≠ê (high),4 ‚≠ê,5 ‚≠ê (high),5 ‚≠ê (high),4 ‚≠ê,5 ‚≠ê (high),5 ‚≠ê (high),4 ‚≠ê,4 ‚≠ê,5 ‚≠ê (high),4 ‚≠ê,4 ‚≠ê,5 ‚≠ê (high),4 ‚≠ê,5 ‚≠ê (high),5 ‚≠ê (high),3 ‚≠ê,3 ‚≠ê,5 ‚≠ê (high),4 ‚≠ê,4 ‚≠ê,4 ‚≠ê,4 ‚≠ê,4 ‚≠ê,
26/09/2025 10:07:05,5 ‚≠ê (high),4 ‚≠ê,5 ‚≠ê (high),5 ‚≠ê (high),5 ‚≠ê (high),5 ‚≠ê (high),5 ‚≠ê (high),5 ‚≠ê (high),5 ‚≠ê (high),4 ‚≠ê,3 ‚≠ê,3 ‚≠ê,5 ‚≠ê (high),2 ‚≠ê,4 ‚≠ê,4 ‚≠ê,3 ‚≠ê,2 ‚≠ê,5 ‚≠ê (high),4 ‚≠ê,5 ‚≠ê (high),5 ‚≠ê (high),5 ‚≠ê (high),3 ‚≠ê,3 ‚≠ê,4 ‚≠ê,3 ‚≠ê,5 ‚≠ê (high),4 ‚≠ê,5 ‚≠ê (high),5 ‚≠ê (high),5 ‚≠ê (high),5 ‚≠ê (high),5 ‚≠ê (high),5 ‚≠ê (high),5 ‚≠ê (high),4 ‚≠ê,3 ‚≠ê,5 ‚≠ê (high),5 ‚≠ê (high),5 ‚≠ê (high),4 ‚≠ê,5 ‚≠ê (high),5 ‚≠ê (high),5 ‚≠ê (high),5 ‚≠ê (high),3 ‚≠ê,4 ‚≠ê,
26/09/2025 12:09:40,4 ‚≠ê,5 ‚≠ê (high),5 ‚≠ê (high),5 ‚≠ê (high),5 ‚≠ê (high),5 ‚≠ê (high),5 ‚≠ê (high),3 ‚≠ê,5 ‚≠ê (high),5 ‚≠ê (high),5 ‚≠ê (high),5 ‚≠ê (high),5 ‚≠ê (high),4 ‚≠ê,5 ‚≠ê (high),5 ‚≠ê (high),2 ‚≠ê,2 ‚≠ê,4 ‚≠ê,1 ‚≠ê (low),3 ‚≠ê,4 ‚≠ê,2 ‚≠ê,3 ‚≠ê,4 ‚≠ê,2 ‚≠ê,3 ‚≠ê,5 ‚≠ê (high),2 ‚≠ê,2 ‚≠ê,4 ‚≠ê,2 ‚≠ê,2 ‚≠ê,4 ‚≠ê,4 ‚≠ê,5 ‚≠ê (high),4 ‚≠ê,4 ‚≠ê,4 ‚≠ê,2 ‚≠ê,3 ‚≠ê,3 ‚≠ê,4 ‚≠ê,2 ‚≠ê,3 ‚≠ê,4 ‚≠ê,1 ‚≠ê (low),3 ‚≠ê,"Although I'm not an expert on this topic I had the feeling the RAG system sometimes did not really answer the question that was asked and therefore could not be that helpful. Sometimes it was just way too long instead of giving direct answers. I still think it gave some good explanation for the model, but quite superficial, right? Could imagine that it acts like a quick ""generate model summary"" for people or ""ask the model""."
28/09/2025 22:32:15,5 ‚≠ê (high),4 ‚≠ê,4 ‚≠ê,5 ‚≠ê (high),5 ‚≠ê (high),5 ‚≠ê (high),5 ‚≠ê (high),4 ‚≠ê,5 ‚≠ê (high),5 ‚≠ê (high),5 ‚≠ê (high),5 ‚≠ê (high),5 ‚≠ê (high),4 ‚≠ê,5 ‚≠ê (high),4 ‚≠ê,2 ‚≠ê,4 ‚≠ê,5 ‚≠ê (high),4 ‚≠ê,5 ‚≠ê (high),5 ‚≠ê (high),5 ‚≠ê (high),5 ‚≠ê (high),4 ‚≠ê,4 ‚≠ê,4 ‚≠ê,5 ‚≠ê (high),5 ‚≠ê (high),5 ‚≠ê (high),5 ‚≠ê (high),5 ‚≠ê (high),5 ‚≠ê (high),4 ‚≠ê,5 ‚≠ê (high),5 ‚≠ê (high),5 ‚≠ê (high),4 ‚≠ê,4 ‚≠ê,5 ‚≠ê (high),5 ‚≠ê (high),5 ‚≠ê (high),5 ‚≠ê (high),3 ‚≠ê,5 ‚≠ê (high),5 ‚≠ê (high),4 ‚≠ê,5 ‚≠ê (high),
29/09/2025 11:49:17,5 ‚≠ê (high),4 ‚≠ê,3 ‚≠ê,5 ‚≠ê (high),4 ‚≠ê,5 ‚≠ê (high),5 ‚≠ê (high),3 ‚≠ê,5 ‚≠ê (high),5 ‚≠ê (high),5 ‚≠ê (high),5 ‚≠ê (high),4 ‚≠ê,4 ‚≠ê,5 ‚≠ê (high),5 ‚≠ê (high),3 ‚≠ê,4 ‚≠ê,5 ‚≠ê (high),2 ‚≠ê,3 ‚≠ê,4 ‚≠ê,3 ‚≠ê,3 ‚≠ê,5 ‚≠ê (high),3 ‚≠ê,3 ‚≠ê,5 ‚≠ê (high),3 ‚≠ê,3 ‚≠ê,5 ‚≠ê (high),5 ‚≠ê (high),4 ‚≠ê,5 ‚≠ê (high),4 ‚≠ê,5 ‚≠ê (high),4 ‚≠ê,4 ‚≠ê,5 ‚≠ê (high),4 ‚≠ê,3 ‚≠ê,2 ‚≠ê,4 ‚≠ê,2 ‚≠ê,3 ‚≠ê,4 ‚≠ê,3 ‚≠ê,4 ‚≠ê,
07/10/2025 15:03:55,5 ‚≠ê (high),4 ‚≠ê,5 ‚≠ê (high),5 ‚≠ê (high),5 ‚≠ê (high),5 ‚≠ê (high),5 ‚≠ê (high),4 ‚≠ê,5 ‚≠ê (high),5 ‚≠ê (high),5 ‚≠ê (high),5 ‚≠ê (high),5 ‚≠ê (high),4 ‚≠ê,5 ‚≠ê (high),4 ‚≠ê,3 ‚≠ê,4 ‚≠ê,4 ‚≠ê,3 ‚≠ê,4 ‚≠ê,4 ‚≠ê,3 ‚≠ê,4 ‚≠ê,4 ‚≠ê,4 ‚≠ê,4 ‚≠ê,5 ‚≠ê (high),4 ‚≠ê,5 ‚≠ê (high),5 ‚≠ê (high),5 ‚≠ê (high),5 ‚≠ê (high),5 ‚≠ê (high),4 ‚≠ê,5 ‚≠ê (high),5 ‚≠ê (high),4 ‚≠ê,5 ‚≠ê (high),5 ‚≠ê (high),4 ‚≠ê,4 ‚≠ê,5 ‚≠ê (high),3 ‚≠ê,4 ‚≠ê,4 ‚≠ê,4 ‚≠ê,4 ‚≠ê,
07/10/2025 15:08:19,5 ‚≠ê (high),4 ‚≠ê,5 ‚≠ê (high),5 ‚≠ê (high),5 ‚≠ê (high),5 ‚≠ê (high),5 ‚≠ê (high),5 ‚≠ê (high),5 ‚≠ê (high),5 ‚≠ê (high),5 ‚≠ê (high),5 ‚≠ê (high),5 ‚≠ê (high),4 ‚≠ê,5 ‚≠ê (high),4 ‚≠ê,2 ‚≠ê,3 ‚≠ê,4 ‚≠ê,3 ‚≠ê,4 ‚≠ê,4 ‚≠ê,3 ‚≠ê,4 ‚≠ê,3 ‚≠ê,4 ‚≠ê,3 ‚≠ê,5 ‚≠ê (high),4 ‚≠ê,5 ‚≠ê (high),5 ‚≠ê (high),5 ‚≠ê (high),5 ‚≠ê (high),5 ‚≠ê (high),4 ‚≠ê,5 ‚≠ê (high),5 ‚≠ê (high),4 ‚≠ê,5 ‚≠ê (high),5 ‚≠ê (high),4 ‚≠ê,4 ‚≠ê,5 ‚≠ê (high),3 ‚≠ê,4 ‚≠ê,4 ‚≠ê,4 ‚≠ê,4 ‚≠ê,"For me, the chatbot seems a bit too focused on sharing information it has - sometimes less is more. If interested or needed, there will be follow-up questions."
07/10/2025 15:11:10,5 ‚≠ê (high),4 ‚≠ê,5 ‚≠ê (high),5 ‚≠ê (high),5 ‚≠ê (high),5 ‚≠ê (high),5 ‚≠ê (high),4 ‚≠ê,5 ‚≠ê (high),5 ‚≠ê (high),5 ‚≠ê (high),5 ‚≠ê (high),5 ‚≠ê (high),4 ‚≠ê,5 ‚≠ê (high),4 ‚≠ê,2 ‚≠ê,3 ‚≠ê,4 ‚≠ê,3 ‚≠ê,4 ‚≠ê,4 ‚≠ê,3 ‚≠ê,4 ‚≠ê,4 ‚≠ê,4 ‚≠ê,4 ‚≠ê,5 ‚≠ê (high),4 ‚≠ê,5 ‚≠ê (high),5 ‚≠ê (high),5 ‚≠ê (high),5 ‚≠ê (high),5 ‚≠ê (high),4 ‚≠ê,5 ‚≠ê (high),5 ‚≠ê (high),4 ‚≠ê,5 ‚≠ê (high),5 ‚≠ê (high),4 ‚≠ê,4 ‚≠ê,5 ‚≠ê (high),4 ‚≠ê,4 ‚≠ê,4 ‚≠ê,4 ‚≠ê,4 ‚≠ê,
14/10/2025 19:28:57,5 ‚≠ê (high),4 ‚≠ê,5 ‚≠ê (high),5 ‚≠ê (high),5 ‚≠ê (high),5 ‚≠ê (high),4 ‚≠ê,3 ‚≠ê,4 ‚≠ê,5 ‚≠ê (high),4 ‚≠ê,5 ‚≠ê (high),5 ‚≠ê (high),3 ‚≠ê,4 ‚≠ê,3 ‚≠ê,2 ‚≠ê,4 ‚≠ê,5 ‚≠ê (high),2 ‚≠ê,5 ‚≠ê (high),3 ‚≠ê,1 ‚≠ê (low),4 ‚≠ê,4 ‚≠ê,3 ‚≠ê,3 ‚≠ê,5 ‚≠ê (high),5 ‚≠ê (high),5 ‚≠ê (high),5 ‚≠ê (high),5 ‚≠ê (high),5 ‚≠ê (high),5 ‚≠ê (high),2 ‚≠ê,2 ‚≠ê,3 ‚≠ê,5 ‚≠ê (high),5 ‚≠ê (high),4 ‚≠ê,1 ‚≠ê (low),2 ‚≠ê,4 ‚≠ê,5 ‚≠ê (high),5 ‚≠ê (high),5 ‚≠ê (high),5 ‚≠ê (high),5 ‚≠ê (high),"I would like to have the ""Summary"" at the top. For further details I can continue reading. Many of the answers are very detailed without benefit or even increasing confusion."